{"cameraMode":{"drawMode":0,"name":"Shaded","section":"Shading Mode"},"sceneLighting":false,"audioPlay":false,"sceneViewState":{"m_AlwaysRefresh":false,"showFog":true,"showSkybox":false,"showFlares":true,"showImageEffects":true,"showParticleSystems":true,"showVisualEffectGraphs":true,"m_FxEnabled":true},"in2DMode":false,"pivot":{"x":1.3463397026062012,"y":5.449704170227051,"z":-0.6604197025299072},"rotation":{"x":-0.08405305445194245,"y":-0.6079990863800049,"z":0.06365163624286652,"w":-0.7871160507202148},"size":0.22954876720905305,"orthographic":false}