{"cameraMode":{"drawMode":0,"name":"Shaded","section":"Shading Mode"},"sceneLighting":false,"audioPlay":false,"sceneViewState":{"m_AlwaysRefresh":false,"showFog":true,"showSkybox":false,"showFlares":true,"showImageEffects":true,"showParticleSystems":true,"showVisualEffectGraphs":true,"m_FxEnabled":true},"in2DMode":false,"pivot":{"x":-0.005054336506873369,"y":0.04782101884484291,"z":-0.028880571946501733},"rotation":{"x":0.0383559949696064,"y":0.46619880199432375,"z":0.01983841322362423,"w":-0.8837303519248962},"size":0.05993637442588806,"orthographic":false}