{"cameraMode":{"drawMode":0,"name":"Shaded","section":"Shading Mode"},"sceneLighting":false,"audioPlay":false,"sceneViewState":{"m_AlwaysRefresh":false,"showFog":true,"showSkybox":false,"showFlares":true,"showImageEffects":true,"showParticleSystems":true,"showVisualEffectGraphs":true,"m_FxEnabled":true},"in2DMode":false,"pivot":{"x":0.006554536521434784,"y":0.01632825843989849,"z":-0.005677301436662674},"rotation":{"x":0.0454438291490078,"y":-0.06764549016952515,"z":-0.003585862461477518,"w":-0.9968016147613525},"size":0.06634040176868439,"orthographic":false}