{"cameraMode":{"drawMode":0,"name":"Shaded","section":"Shading Mode"},"sceneLighting":false,"audioPlay":false,"sceneViewState":{"m_AlwaysRefresh":false,"showFog":true,"showSkybox":false,"showFlares":true,"showImageEffects":true,"showParticleSystems":true,"showVisualEffectGraphs":true,"m_FxEnabled":true},"in2DMode":false,"pivot":{"x":-0.7294413447380066,"y":-13.139665603637696,"z":0.4251740574836731},"rotation":{"x":-0.05587268993258476,"y":-0.6294935941696167,"z":0.04439564049243927,"w":-0.7739198803901672},"size":0.8480855822563171,"orthographic":false}