{"cameraMode":{"drawMode":0,"name":"Shaded","section":"Shading Mode"},"sceneLighting":false,"audioPlay":false,"sceneViewState":{"m_AlwaysRefresh":false,"showFog":true,"showSkybox":false,"showFlares":true,"showImageEffects":true,"showParticleSystems":true,"showVisualEffectGraphs":true,"m_FxEnabled":true},"in2DMode":false,"pivot":{"x":0.005593284964561462,"y":-0.09737129509449005,"z":-0.09920188784599304},"rotation":{"x":-0.12515845894813538,"y":0.7472668290138245,"z":-0.147572323679924,"w":-0.6358788013458252},"size":0.16073429584503175,"orthographic":false}