{"cameraMode":{"drawMode":0,"name":"Shaded","section":"Shading Mode"},"sceneLighting":true,"audioPlay":false,"sceneViewState":{"m_AlwaysRefresh":false,"showFog":true,"showSkybox":true,"showFlares":true,"showImageEffects":true,"showParticleSystems":true,"showVisualEffectGraphs":true,"m_FxEnabled":true},"in2DMode":false,"pivot":{"x":-2.184279203414917,"y":-1.6672488451004029,"z":-1.9705513715744019},"rotation":{"x":0.44222310185432436,"y":-0.11762431263923645,"z":0.06107389181852341,"w":0.8873867988586426},"size":3.7370004653930666,"orthographic":false}