{"cameraMode":{"drawMode":0,"name":"Shaded","section":"Shading Mode"},"sceneLighting":false,"audioPlay":false,"sceneViewState":{"m_AlwaysRefresh":false,"showFog":true,"showSkybox":false,"showFlares":true,"showImageEffects":true,"showParticleSystems":true,"showVisualEffectGraphs":true,"m_FxEnabled":true},"in2DMode":false,"pivot":{"x":-3.4640541076660158,"y":1.150758981704712,"z":-5.430314540863037},"rotation":{"x":0.19966940581798554,"y":-0.0742596983909607,"z":0.015333583578467369,"w":0.9769786596298218},"size":1.6451611518859864,"orthographic":false}