{"cameraMode":{"drawMode":0,"name":"Shaded","section":"Shading Mode"},"sceneLighting":false,"audioPlay":false,"sceneViewState":{"m_AlwaysRefresh":false,"showFog":true,"showSkybox":false,"showFlares":true,"showImageEffects":true,"showParticleSystems":true,"showVisualEffectGraphs":true,"m_FxEnabled":true},"in2DMode":false,"pivot":{"x":0.5946521162986755,"y":3.062117576599121,"z":0.6335334181785584},"rotation":{"x":-0.0581742487847805,"y":-0.029099803417921068,"z":0.0008911575423553586,"w":-0.9980818033218384},"size":1.5265387296676636,"orthographic":false}