{"cameraMode":{"drawMode":0,"name":"Shaded","section":"Shading Mode"},"sceneLighting":false,"audioPlay":false,"sceneViewState":{"m_AlwaysRefresh":false,"showFog":true,"showSkybox":false,"showFlares":true,"showImageEffects":true,"showParticleSystems":true,"showVisualEffectGraphs":true,"m_FxEnabled":true},"in2DMode":false,"pivot":{"x":0.3141016960144043,"y":3.791419506072998,"z":3.9016880989074709},"rotation":{"x":0.021969091147184373,"y":0.970149576663971,"z":-0.22174611687660218,"w":0.09604895114898682},"size":0.22878476977348329,"orthographic":false}