{"cameraMode":{"drawMode":0,"name":"Shaded","section":"Shading Mode"},"sceneLighting":false,"audioPlay":false,"sceneViewState":{"m_AlwaysRefresh":false,"showFog":true,"showSkybox":false,"showFlares":true,"showImageEffects":true,"showParticleSystems":true,"showVisualEffectGraphs":true,"m_FxEnabled":true},"in2DMode":false,"pivot":{"x":0.6925365328788757,"y":1.4519169330596924,"z":2.185089111328125},"rotation":{"x":0.29806098341941836,"y":0.369699090719223,"z":-0.12646539509296418,"w":0.8709557056427002},"size":0.13623672723770142,"orthographic":false}