{"cameraMode":{"drawMode":0,"name":"Shaded","section":"Shading Mode"},"sceneLighting":false,"audioPlay":false,"sceneViewState":{"m_AlwaysRefresh":false,"showFog":true,"showSkybox":false,"showFlares":true,"showImageEffects":true,"showParticleSystems":true,"showVisualEffectGraphs":true,"m_FxEnabled":true},"in2DMode":false,"pivot":{"x":-0.004481755197048187,"y":0.00581134669482708,"z":-0.0013211816549301148},"rotation":{"x":-0.24632571637630464,"y":0.07231995463371277,"z":-0.018470261245965959,"w":-0.9663216471672058},"size":0.03216105327010155,"orthographic":false}