{"cameraMode":{"drawMode":0,"name":"Shaded","section":"Shading Mode"},"sceneLighting":false,"audioPlay":false,"sceneViewState":{"m_AlwaysRefresh":false,"showFog":true,"showSkybox":false,"showFlares":true,"showImageEffects":true,"showParticleSystems":true,"showVisualEffectGraphs":true,"m_FxEnabled":true},"in2DMode":false,"pivot":{"x":-0.16925334930419923,"y":-0.2662339210510254,"z":0.44923877716064455},"rotation":{"x":0.20556345582008363,"y":0.600619375705719,"z":-0.1631138175725937,"w":0.7553822994232178},"size":13.316575050354004,"orthographic":false}