{"cameraMode":{"drawMode":0,"name":"Shaded","section":"Shading Mode"},"sceneLighting":true,"audioPlay":false,"sceneViewState":{"m_AlwaysRefresh":false,"showFog":true,"showSkybox":true,"showFlares":true,"showImageEffects":true,"showParticleSystems":true,"showVisualEffectGraphs":true,"m_FxEnabled":true},"in2DMode":false,"pivot":{"x":11.131214141845704,"y":2.5192646980285646,"z":6.4683308601379398},"rotation":{"x":0.1098107248544693,"y":0.039373643696308139,"z":-0.004067904781550169,"w":0.9932621717453003},"size":12.96159839630127,"orthographic":false}