{"cameraMode":{"drawMode":0,"name":"Shaded","section":"Shading Mode"},"sceneLighting":true,"audioPlay":false,"sceneViewState":{"m_AlwaysRefresh":false,"showFog":true,"showSkybox":true,"showFlares":true,"showImageEffects":true,"showParticleSystems":true,"showVisualEffectGraphs":true,"m_FxEnabled":true},"in2DMode":false,"pivot":{"x":5.600563049316406,"y":0.3625880181789398,"z":4.324575901031494},"rotation":{"x":-0.13311482965946198,"y":-0.17389820516109467,"z":0.023599810898303987,"w":-0.9754965305328369},"size":5.911757946014404,"orthographic":false}