{"cameraMode":{"drawMode":0,"name":"Shaded","section":"Shading Mode"},"sceneLighting":true,"audioPlay":false,"sceneViewState":{"m_AlwaysRefresh":false,"showFog":true,"showSkybox":true,"showFlares":true,"showImageEffects":true,"showParticleSystems":true,"showVisualEffectGraphs":true,"m_FxEnabled":true},"in2DMode":false,"pivot":{"x":0.7816436290740967,"y":-1.3162418603897095,"z":7.095959663391113},"rotation":{"x":0.22429798543453217,"y":-0.04846303164958954,"z":0.011440816335380078,"w":0.9733573794364929},"size":11.27040958404541,"orthographic":false}