{"cameraMode":{"drawMode":0,"name":"Shaded","section":"Shading Mode"},"sceneLighting":false,"audioPlay":false,"sceneViewState":{"m_AlwaysRefresh":false,"showFog":true,"showSkybox":false,"showFlares":true,"showImageEffects":true,"showParticleSystems":true,"showVisualEffectGraphs":true,"m_FxEnabled":true},"in2DMode":false,"pivot":{"x":0.03613290190696716,"y":2.0266542434692385,"z":-2.9786789417266847},"rotation":{"x":-0.08769061416387558,"y":-0.1948106586933136,"z":0.016893504187464715,"w":-0.9769048094749451},"size":0.08454515784978867,"orthographic":false}