{"cameraMode":{"drawMode":0,"name":"Shaded","section":"Shading Mode"},"sceneLighting":false,"audioPlay":false,"sceneViewState":{"m_AlwaysRefresh":false,"showFog":true,"showSkybox":false,"showFlares":true,"showImageEffects":true,"showParticleSystems":true,"showVisualEffectGraphs":true,"m_FxEnabled":true},"in2DMode":false,"pivot":{"x":1.7799999713897706,"y":5.440000057220459,"z":-1.2699999809265137},"rotation":{"x":0.5134634971618652,"y":0.00858265906572342,"z":-0.004405391868203878,"w":0.85831218957901},"size":0.35316506028175356,"orthographic":false}