{"cameraMode":{"drawMode":0,"name":"Shaded","section":"Shading Mode"},"sceneLighting":false,"audioPlay":false,"sceneViewState":{"m_AlwaysRefresh":false,"showFog":true,"showSkybox":false,"showFlares":true,"showImageEffects":true,"showParticleSystems":true,"showVisualEffectGraphs":true,"m_FxEnabled":true},"in2DMode":false,"pivot":{"x":-33.100189208984378,"y":-0.8360483646392822,"z":0.22946548461914063},"rotation":{"x":0.3300384283065796,"y":-0.03787379339337349,"z":0.014461714774370194,"w":0.9433451294898987},"size":5.400076866149902,"orthographic":false}