{"cameraMode":{"drawMode":0,"name":"Shaded","section":"Shading Mode"},"sceneLighting":false,"audioPlay":false,"sceneViewState":{"m_AlwaysRefresh":false,"showFog":true,"showSkybox":false,"showFlares":true,"showImageEffects":true,"showParticleSystems":true,"showVisualEffectGraphs":true,"m_FxEnabled":true},"in2DMode":false,"pivot":{"x":32.928138732910159,"y":24.155044555664064,"z":58.651824951171878},"rotation":{"x":-0.34455448389053347,"y":-0.006996106822043657,"z":0.000041874875023495406,"w":-0.9391565322875977},"size":125.68214416503906,"orthographic":false}