{"cameraMode":{"drawMode":0,"name":"Shaded","section":"Shading Mode"},"sceneLighting":false,"audioPlay":false,"sceneViewState":{"m_AlwaysRefresh":false,"showFog":true,"showSkybox":false,"showFlares":true,"showImageEffects":true,"showParticleSystems":true,"showVisualEffectGraphs":true,"m_FxEnabled":true},"in2DMode":false,"pivot":{"x":9.559488296508789,"y":0.5665063858032227,"z":0.5672588348388672},"rotation":{"x":0.052424393594264987,"y":-0.9397770762443543,"z":0.29289236664772036,"w":0.16841430962085725},"size":0.17686393857002259,"orthographic":false}