{"cameraMode":{"drawMode":0,"name":"Shaded","section":"Shading Mode"},"sceneLighting":false,"audioPlay":false,"sceneViewState":{"m_AlwaysRefresh":false,"showFog":true,"showSkybox":false,"showFlares":true,"showImageEffects":true,"showParticleSystems":true,"showVisualEffectGraphs":true,"m_FxEnabled":true},"in2DMode":false,"pivot":{"x":-10.899131774902344,"y":1.632672905921936,"z":0.5039225220680237},"rotation":{"x":-0.012065455317497254,"y":0.07819624245166779,"z":0.003338846378028393,"w":0.9972728490829468},"size":1.67288076877594,"orthographic":false}