{"cameraMode":{"drawMode":0,"name":"Shaded","section":"Shading Mode"},"sceneLighting":false,"audioPlay":false,"sceneViewState":{"m_AlwaysRefresh":false,"showFog":true,"showSkybox":false,"showFlares":true,"showImageEffects":true,"showParticleSystems":true,"showVisualEffectGraphs":true,"m_FxEnabled":true},"in2DMode":false,"pivot":{"x":-1.2411962747573853,"y":-2.2535908222198488,"z":1.0239956378936768},"rotation":{"x":-0.35782405734062197,"y":0.13188083469867707,"z":-0.05200051888823509,"w":-0.9231193661689758},"size":0.09999996423721314,"orthographic":false}