{"cameraMode":{"drawMode":0,"name":"Shaded","section":"Shading Mode"},"sceneLighting":false,"audioPlay":false,"sceneViewState":{"m_AlwaysRefresh":false,"showFog":true,"showSkybox":false,"showFlares":true,"showImageEffects":true,"showParticleSystems":true,"showVisualEffectGraphs":true,"m_FxEnabled":true},"in2DMode":false,"pivot":{"x":-0.21995413303375245,"y":5.120800971984863,"z":-3.4676265716552736},"rotation":{"x":-0.020146826282143594,"y":-0.6476052403450012,"z":-0.017060762271285058,"w":0.7615538239479065},"size":2.4878604412078859,"orthographic":false}