{"cameraMode":{"drawMode":0,"name":"Shaded","section":"Shading Mode"},"sceneLighting":false,"audioPlay":false,"sceneViewState":{"m_AlwaysRefresh":false,"showFog":true,"showSkybox":false,"showFlares":true,"showImageEffects":true,"showParticleSystems":true,"showVisualEffectGraphs":true,"m_FxEnabled":true},"in2DMode":false,"pivot":{"x":-0.3101149797439575,"y":-12.949474334716797,"z":0.29581618309020998},"rotation":{"x":0.018788887187838556,"y":0.11106115579605103,"z":0.0020585712045431139,"w":-0.9936448335647583},"size":0.7679558992385864,"orthographic":false}