{"cameraMode":{"drawMode":0,"name":"Shaded","section":"Shading Mode"},"sceneLighting":false,"audioPlay":false,"sceneViewState":{"m_AlwaysRefresh":false,"showFog":true,"showSkybox":false,"showFlares":true,"showImageEffects":true,"showParticleSystems":true,"showVisualEffectGraphs":true,"m_FxEnabled":true},"in2DMode":false,"pivot":{"x":-0.3101149797439575,"y":-12.949474334716797,"z":0.29581618309020998},"rotation":{"x":-0.011215024627745152,"y":0.4071946144104004,"z":-0.005045522004365921,"w":-0.9132729768753052},"size":0.7364810109138489,"orthographic":false}